firstName,lastName,email,phone,active
Sagar,Ghimire,sagar.ghimire@test.com,1112223333,true
John,Doe,john.doe@test.com,1112223333,true
Jerrilee,Hullyer,jhullyer0@oracle.com,5303819835,false
Dwight,Baptie,dbaptie1@time.com,3991611918,true
Ruttger,Ielden,rielden2@bandcamp.com,2725228414,false
Almeria,Dillingham,adillingham3@taobao.com,9983257081,true
Tyson,Pawlata,tpawlata4@ehow.com,4251173279,false
Dacy,Atwell,datwell5@bandcamp.com,4912921343,false
Alphard,Janko,ajanko6@elpais.com,1673944106,true
Ilene,Widdecombe,iwiddecombe7@sphinn.com,3298150749,false
Antons,Cockerham,acockerham8@skype.com,6756350410,true
Rennie,Shutler,rshutler9@topsy.com,1819840849,false
Keene,Brotheridge,kbrotheridgea@furl.net,8305362143,false
Eldon,Skirvane,eskirvaneb@utexas.edu,4123668475,true
Zita,Merrington,zmerringtonc@bandcamp.com,5897780178,true
Marleah,Dusting,mdustingd@cpanel.net,5528335773,false
Fields,Matzkaitis,fmatzkaitise@harvard.edu,6429954848,false
Rossy,Solomonides,rsolomonidesf@studiopress.com,4058630809,false
Granger,MacCafferky,gmaccafferkyg@blog.com,4377234386,false
Fancie,Bickerton,fbickertonh@npr.org,3453597987,true
Garry,Whereat,gwhereati@psu.edu,2958791639,false
Trstram,Alentyev,talentyevj@cdbaby.com,9541810746,true
Pippy,Oller,pollerk@fda.gov,3588990149,true
Elnore,Cowsby,ecowsbyl@prweb.com,9938687299,false
Coralyn,Jeaycock,cjeaycockm@blogger.com,7994512993,true
Abigail,Cashley,acashleyn@jigsy.com,1841784414,false
Jock,Treby,jtrebyo@t.co,3892324695,true
Dominik,Schoenleiter,dschoenleiterp@cpanel.net,5933275988,true
Mildrid,Ponder,mponderq@paginegialle.it,1442919801,false
Theodoric,Frankton,tfranktonr@amazonaws.com,8974943841,true
Dario,Ricciardiello,dricciardiellos@lulu.com,8534628179,true
Jean,Hennington,jhenningtont@etsy.com,8286567717,true
Lanae,Behnke,lbehnkeu@indiegogo.com,4205192988,true
Helyn,Abisetti,habisettiv@buzzfeed.com,6178843832,false
Langston,Monro,lmonrow@ebay.com,1317852739,false
Kaye,Orro,korrox@bluehost.com,6208752785,true
Bettina,Macey,bmaceyy@cam.ac.uk,2927185578,false
Amy,Denness,adennessz@icio.us,8761222758,true
Ed,Marcome,emarcome10@blogs.com,8587470987,false
Percy,Meletti,pmeletti11@dedecms.com,5143801848,false
Rosaleen,Treleaven,rtreleaven12@marketwatch.com,3328282179,false
Maurice,Degoe,mdegoe13@delicious.com,1989789082,false
Harmonia,Naptin,hnaptin14@nifty.com,1233959430,true
Jayson,Hedgeman,jhedgeman15@prweb.com,4147135484,false
Lilli,Portigall,lportigall16@princeton.edu,8886100938,true
Thalia,Beese,tbeese17@weebly.com,7832306916,true
Stacey,Savil,ssavil18@google.nl,1527881294,true
Issiah,Egger,iegger19@prnewswire.com,1761190328,false
Ivar,Abrahmer,iabrahmer1a@sphinn.com,8583984381,false
Roxie,Truitt,rtruitt1b@tmall.com,3329887054,false
Orville,Dilke,odilke1c@cocolog-nifty.com,5505082837,false
Kellie,Goeff,kgoeff1d@ca.gov,2747261284,true
Benji,Marconi,bmarconi1e@pinterest.com,7385380837,true
Elvin,Noriega,enoriega1f@redcross.org,2786721565,true
Archibaldo,Fosberry,afosberry1g@washingtonpost.com,9194181078,true
Noam,Cheasman,ncheasman1h@mozilla.org,7918436327,false
Alexandros,Smiley,asmiley1i@comsenz.com,8746121835,false
Etan,Linnell,elinnell1j@army.mil,1982665772,true
Gusta,Lowis,glowis1k@theguardian.com,5807938924,false
Timmy,Pennyman,tpennyman1l@economist.com,6389117141,true
Tann,Carwithen,tcarwithen1m@linkedin.com,9523940183,true
Alon,Antao,aantao1n@whitehouse.gov,7371089399,true
Lida,Rusbridge,lrusbridge1o@constantcontact.com,6502988807,false
Tara,Bidgod,tbidgod1p@washington.edu,1434852973,false
Etta,Brandrick,ebrandrick1q@cnbc.com,3106292163,true
Barnaby,Kalinsky,bkalinsky1r@tumblr.com,5953997125,false
Garrik,Doniso,gdoniso1s@reuters.com,1322213155,true
Baxie,Lancaster,blancaster1t@i2i.jp,6266156924,true
Damien,Gever,dgever1u@comcast.net,1089060950,true
Enoch,Filippello,efilippello1v@ocn.ne.jp,1292752839,false
Thea,Behan,tbehan1w@drupal.org,3876415225,false
Dyane,Holdin,dholdin1x@privacy.gov.au,1465464630,false
Walden,Eltun,weltun1y@wiley.com,6209306901,false
Laurel,Drynan,ldrynan1z@wix.com,1194197684,false
Viviyan,Grimmolby,vgrimmolby20@ihg.com,2126326035,false
Constantina,Thouless,cthouless21@constantcontact.com,8471697117,true
Jemmy,McComb,jmccomb22@ibm.com,3351361112,true
Zolly,Stilly,zstilly23@aboutads.info,8839459264,true
Monroe,Laugherane,mlaugherane24@un.org,9177935589,false
Germana,Dockree,gdockree25@ycombinator.com,1674194276,true
Tessie,Gaddesby,tgaddesby26@auda.org.au,9403756646,true
Clovis,Balhatchet,cbalhatchet27@slideshare.net,7906746046,true
Hashim,Lamey,hlamey28@google.fr,5301317575,false
Antonetta,Sutor,asutor29@last.fm,8364238612,false
Ethelind,Redmond,eredmond2a@berkeley.edu,2121956385,true
Sheri,Ondrusek,sondrusek2b@jigsy.com,1113079716,false
Cordelia,Ketteridge,cketteridge2c@admin.ch,5807580973,true
Reinhard,Morefield,rmorefield2d@un.org,7206085038,true
Alexandrina,Aguirre,aaguirre2e@prnewswire.com,4528377323,true
Saxe,Volk,svolk2f@nsw.gov.au,2644735073,false
Lee,Blabey,lblabey2g@netscape.com,4815350828,true
Lillis,Crane,lcrane2h@japanpost.jp,1367621279,false
Eveline,Yoselevitch,eyoselevitch2i@joomla.org,3445959242,false
Brenda,Jessup,bjessup2j@gizmodo.com,4918425089,false
Lona,Sreenan,lsreenan2k@slate.com,9609898606,true
Darn,Wellbeloved,dwellbeloved2l@discuz.net,3742962947,false
Bonita,Bladen,bbladen2m@adobe.com,1404593124,false
Thornie,Absolem,tabsolem2n@sbwire.com,3257001831,false
Gwenni,Childs,gchilds2o@moonfruit.com,8661248650,false
Maurene,Cruise,mcruise2p@privacy.gov.au,6926771479,true
Adela,Picken,apicken2q@twitpic.com,5649835325,false
Etienne,Miller,emiller2r@irs.gov,9978429985,true
Lovell,Lindeboom,llindeboom2s@japanpost.jp,4144331123,false
Jolynn,Kief,jkief2t@feedburner.com,6833548157,true
Billy,Stanmore,bstanmore2u@meetup.com,3779080706,false
Cathi,Snoad,csnoad2v@edublogs.org,5539620131,true
Linda,Nise,lnise2w@netscape.com,4254235587,false
Diane-marie,Charte,dcharte2x@reverbnation.com,7268850333,true
Eduardo,Buttwell,ebuttwell2y@naver.com,4519686794,true
Bel,Caller,bcaller2z@msu.edu,1636611433,true
Bert,Viall,bviall30@foxnews.com,9928132328,true
Norbie,Silver,nsilver31@t-online.de,5269029261,true
Barr,Gilogly,bgilogly32@linkedin.com,8657305317,false
Enos,Bariball,ebariball33@nih.gov,4628933029,true
Layne,Gloves,lgloves34@merriam-webster.com,6198501666,false
Mayer,Summons,msummons35@craigslist.org,5698728429,false
Marvin,Mundie,mmundie36@unicef.org,4149837171,false
Lucien,Doggart,ldoggart37@cbsnews.com,4047914221,true
Lanny,Iacopini,liacopini38@oaic.gov.au,3694645485,false
Zachariah,Shafto,zshafto39@ameblo.jp,1192011732,false
Keary,Ghest,kghest3a@free.fr,1475446764,false
Antone,Gebby,agebby3b@creativecommons.org,9147073797,true
Adrea,Garrelts,agarrelts3c@rediff.com,8048611128,true
Mel,Hollows,mhollows3d@so-net.ne.jp,7952317869,true
Rey,Salmond,rsalmond3e@blogtalkradio.com,1362007915,true
Lila,Wickendon,lwickendon3f@howstuffworks.com,7986533451,true
Shanta,Thairs,sthairs3g@bizjournals.com,4549728128,false
Shaylyn,Glassman,sglassman3h@e-recht24.de,4288980120,false
Alick,Gorrick,agorrick3i@vkontakte.ru,7062402248,false
Renelle,Tapner,rtapner3j@alexa.com,8342781439,true
Leisha,Kinnard,lkinnard3k@yahoo.com,4497107903,true
Benni,Van de Vlies,bvandevlies3l@ovh.net,3025883992,false
Odelinda,Anersen,oanersen3m@reverbnation.com,2745893565,true
Ramon,Lathleiff,rlathleiff3n@pinterest.com,7279229490,true
Flss,Frangione,ffrangione3o@redcross.org,1877835770,false
Camella,Lillecrap,clillecrap3p@dyndns.org,7227890574,false
Sinclair,Caudwell,scaudwell3q@wunderground.com,3332420739,false
Willie,Lapworth,wlapworth3r@intel.com,3779348643,true
Rivy,Higounet,rhigounet3s@sciencedirect.com,2481360905,false
Vicki,Gavozzi,vgavozzi3t@examiner.com,3155432618,true
Dolph,McFayden,dmcfayden3u@newsvine.com,9106039793,true
Caterina,Frenchum,cfrenchum3v@usda.gov,4511604857,false
Alexi,Andrat,aandrat3w@wikimedia.org,4057664401,true
Elisabetta,Oldcroft,eoldcroft3x@ca.gov,5772965754,false
Justina,Blankhorn,jblankhorn3y@g.co,7037442852,true
Dorie,Hildred,dhildred3z@devhub.com,9928009220,false
Maddy,Esplin,mesplin40@a8.net,5937364696,false
Melinda,Ivkovic,mivkovic41@shutterfly.com,7752983377,true
Heath,Fyrth,hfyrth42@mediafire.com,5795570792,false
Devonne,Baskeyfied,dbaskeyfied43@who.int,5089466578,true
Angeline,Ferrino,aferrino44@sogou.com,8438877385,true
Patrick,Caskie,pcaskie45@sourceforge.net,5549123146,false
Dora,Cufley,dcufley46@oakley.com,3545387068,true
Estrellita,Durham,edurham47@mozilla.com,4051169728,false
Darcey,Crosfield,dcrosfield48@cloudflare.com,5914254214,false
Wilburt,Sambrok,wsambrok49@issuu.com,2709133644,false
Jsandye,Gingles,jgingles4a@tiny.cc,8093670455,false
Rosella,Ivanyushin,rivanyushin4b@ft.com,2114653612,true
Nelie,Mannock,nmannock4c@forbes.com,7836256481,false
Marcello,Roadnight,mroadnight4d@gizmodo.com,2385784217,false
Hank,Spain,hspain4e@chron.com,6863212429,false
Cherlyn,Leathes,cleathes4f@nasa.gov,3605582154,false
Adrien,Brinsford,abrinsford4g@cnet.com,3078059702,true
Ruthy,Telezhkin,rtelezhkin4h@pbs.org,5627155021,false
Domingo,Sebright,dsebright4i@nbcnews.com,6107434437,false
Aurlie,Bennellick,abennellick4j@soup.io,3519597752,false
Madeleine,Everson,meverson4k@stanford.edu,3738418121,true
Culley,Breit,cbreit4l@wiley.com,5045503204,false
Colette,Baudet,cbaudet4m@cbslocal.com,9784630870,false
Rory,McMurrugh,rmcmurrugh4n@usa.gov,9444252991,false
Tamera,Dounbare,tdounbare4o@imdb.com,8231418675,false
Karena,Bevar,kbevar4p@boston.com,4876953282,true
Coralyn,Pascho,cpascho4q@howstuffworks.com,6534625460,true
Thedrick,Absalom,tabsalom4r@tripod.com,1104735637,true
Corenda,Forseith,cforseith4s@google.com.au,3367438757,true
Brew,Haywood,bhaywood4t@posterous.com,9266068423,false
Beatrisa,Potell,bpotell4u@devhub.com,1531947332,false
Godfrey,Housego,ghousego4v@opera.com,2236649557,false
Austina,Izak,aizak4w@japanpost.jp,6106687743,false
Marleen,Forder,mforder4x@sphinn.com,7553324461,false
Isabella,Terram,iterram4y@hostgator.com,1748805192,true
Gertie,Boumphrey,gboumphrey4z@tiny.cc,6013977622,false
Fidole,Fernely,ffernely50@xing.com,7046307952,false
Fabiano,Delgado,fdelgado51@about.com,4785955183,true
Samantha,Wallbanks,swallbanks52@reuters.com,2295369438,false
Jorie,Bramall,jbramall53@sourceforge.net,9623273327,true
Homer,Fiveash,hfiveash54@intel.com,6163469117,true
Shepherd,Powton,spowton55@example.com,5556198483,true
Maryjane,Pond,mpond56@liveinternet.ru,6966810119,false
Cordie,Blenkiron,cblenkiron57@istockphoto.com,3082494333,false
Shelby,Standage,sstandage58@businessinsider.com,5459926230,false
Nolan,Boulden,nboulden59@1688.com,6223365194,true
Mathilda,Upstone,mupstone5a@uiuc.edu,5749915699,true
Abby,Bennett,abennett5b@nyu.edu,8472392820,true
Renaldo,Hubbuck,rhubbuck5c@edublogs.org,8265628931,true
Earle,Gilluley,egilluley5d@indiegogo.com,6534706482,false
Oliy,Bool,obool5e@hp.com,5946668476,true
Salem,Tinkler,stinkler5f@google.com,7888687358,true
Perla,Farra,pfarra5g@ihg.com,5563691861,true
Charmane,Ablitt,cablitt5h@simplemachines.org,4898272008,false
Lewes,Kemitt,lkemitt5i@meetup.com,2158681528,true
Vicki,Townsend,vtownsend5j@hhs.gov,1196784913,false
Esma,Beinke,ebeinke5k@forbes.com,1882688567,true
Tamar,Lewsam,tlewsam5l@xrea.com,9031583963,true
Roze,Justis,rjustis5m@altervista.org,9736718280,true
Mercie,Palethorpe,mpalethorpe5n@mlb.com,1646071773,true
Lise,Skillicorn,lskillicorn5o@phoca.cz,2418009359,true
Cahra,Kinnar,ckinnar5p@hugedomains.com,5772073887,true
Arlie,McMenamin,amcmenamin5q@dailymotion.com,4525457545,false
Kyle,Turbard,kturbard5r@techcrunch.com,4999682453,false
Ellyn,Pickover,epickover5s@youtu.be,6644157765,false
Jodie,Lowen,jlowen5t@desdev.cn,8562237261,true
Rice,Pedrazzi,rpedrazzi5u@comsenz.com,2235664503,false
Sarette,Leifer,sleifer5v@state.tx.us,2427173904,true
Lyn,Hasley,lhasley5w@google.com,8164391821,false
Karoly,Vignal,kvignal5x@jigsy.com,9863628039,false
Sibby,Gurnee,sgurnee5y@tumblr.com,9178871645,false
Kaylee,Mouget,kmouget5z@qq.com,5196223110,true
Blane,Perrins,bperrins60@sogou.com,8316760576,false
Harv,Meiner,hmeiner61@npr.org,8852592394,true
Merna,Stefanovic,mstefanovic62@facebook.com,4995117716,false
Hermione,Sollars,hsollars63@google.com.hk,8402965763,true
Allister,Halsall,ahalsall64@sciencedaily.com,1264013962,true
Felipe,Simonite,fsimonite65@uol.com.br,5071974038,true
Itch,Corneljes,icorneljes66@yolasite.com,3718693276,true
Nertie,Orsi,norsi67@tumblr.com,4198557547,true
Davis,Jeal,djeal68@reddit.com,5595250482,true
Charlie,Turbill,cturbill69@guardian.co.uk,1447523613,false
Saloma,Colliar,scolliar6a@unicef.org,2585588251,true
Jared,Russo,jrusso6b@telegraph.co.uk,2059991510,false
Seline,Pipping,spipping6c@newyorker.com,3499377962,false
Nikkie,Weafer,nweafer6d@51.la,1918706767,true
Tann,Otridge,totridge6e@last.fm,6845764367,false
Emmaline,Harling,eharling6f@baidu.com,1785303355,true
Neysa,Callan,ncallan6g@flickr.com,1598696791,true
Salomone,Surgood,ssurgood6h@sciencedirect.com,2351521050,true
Euell,Bristo,ebristo6i@symantec.com,8979567949,false
Ardyce,Kline,akline6j@ihg.com,7576478478,false
Sela,Baylay,sbaylay6k@tumblr.com,6346907938,true
Morganica,Eckersall,meckersall6l@europa.eu,2121879133,false
Marrilee,Oldershaw,moldershaw6m@com.com,9749787671,false
Miquela,Aitchinson,maitchinson6n@mail.ru,7591399735,false
Torey,Raynor,traynor6o@bigcartel.com,7643699962,false
Cecily,Hanhardt,chanhardt6p@cornell.edu,9922615332,true
Sibyl,Seiler,sseiler6q@sciencedaily.com,9161096936,true
Franky,Tarquinio,ftarquinio6r@hugedomains.com,6731568981,false
Augustus,Boddy,aboddy6s@webeden.co.uk,2467563006,false
Zaria,Gallaher,zgallaher6t@xinhuanet.com,5745279923,true
Fionnula,Winsley,fwinsley6u@blinklist.com,8782735302,false
Aguste,Knifton,aknifton6v@studiopress.com,5462640407,false
Ebonee,Fayerbrother,efayerbrother6w@freewebs.com,8922763780,true
Bradney,Ibeson,bibeson6x@yellowpages.com,4554410035,false
Henderson,Kovacs,hkovacs6y@webs.com,8867486463,false
Margalit,Seeborne,mseeborne6z@pagesperso-orange.fr,7371287801,true
Hamnet,Shippey,hshippey70@guardian.co.uk,6055822117,true
Pooh,Cutford,pcutford71@mapquest.com,6514976047,true
Francois,Knottley,fknottley72@nbcnews.com,9706536004,true
Thurston,Loble,tloble73@samsung.com,6351427434,false
Kellie,Mennell,kmennell74@blogtalkradio.com,9159352403,true
Lou,Pickle,lpickle75@google.com.br,2528768822,true
Lexis,Quinion,lquinion76@studiopress.com,9244313848,true
Ali,Hawlgarth,ahawlgarth77@cdbaby.com,5883485086,false
Carey,Pakenham,cpakenham78@purevolume.com,1603488031,true
Madeleine,Nern,mnern79@51.la,8556641503,false
Naoma,Noury,nnoury7a@wsj.com,3896864224,true
Fidelia,Pickford,fpickford7b@bandcamp.com,7234790501,false
Johna,Iacobini,jiacobini7c@dedecms.com,2791748134,true
Andriette,Vieyra,avieyra7d@vimeo.com,9777204281,false
Eugene,Tiesman,etiesman7e@engadget.com,5185935689,true
Lionello,Wones,lwones7f@chicagotribune.com,5224858059,true
Codi,Cornil,ccornil7g@state.gov,7454939774,true
Alasdair,Onn,aonn7h@cafepress.com,8031855594,true
Viva,McWilliam,vmcwilliam7i@miitbeian.gov.cn,2889337427,true
Eugene,Eisenberg,eeisenberg7j@slate.com,7607182778,false
Lee,Medlin,lmedlin7k@buzzfeed.com,6039295553,true
Joya,Bleddon,jbleddon7l@typepad.com,7545197013,false
Jillian,Fellini,jfellini7m@theguardian.com,2499656350,false
Bink,Sheilds,bsheilds7n@histats.com,6018561485,false
Noami,Bergin,nbergin7o@nyu.edu,7497931324,false
Bastian,Tollerfield,btollerfield7p@opensource.org,2457360659,true
Hephzibah,Armsby,harmsby7q@csmonitor.com,1733521294,false
Kora,Rodgman,krodgman7r@ifeng.com,3654308467,true
Doreen,Martindale,dmartindale7s@fotki.com,9533461026,false
Sayer,Bangle,sbangle7t@ning.com,5877133791,false
Cortney,Vaan,cvaan7u@smh.com.au,9396138554,true
Dorie,Durdle,ddurdle7v@cpanel.net,5016948562,false
Jud,Aspland,jaspland7w@smugmug.com,8676584938,true
Kris,Fynan,kfynan7x@pen.io,6341885153,true
Osbourn,Kauffman,okauffman7y@quantcast.com,2301029751,true
Murry,Heugle,mheugle7z@narod.ru,6155303261,true
Philippine,Whittick,pwhittick80@unesco.org,8508860526,true
Bobina,Rawes,brawes81@i2i.jp,6191448243,false
Hilary,Gniewosz,hgniewosz82@sourceforge.net,3227614626,false
Tracie,Reinhart,treinhart83@wiley.com,4713370526,false
Kaleena,Steger,ksteger84@nih.gov,3132959909,false
Kasper,Gravenall,kgravenall85@nbcnews.com,7404284937,false
Lazare,O'Shiels,loshiels86@odnoklassniki.ru,9899446527,true
Ado,Moral,amoral87@youtu.be,4629823469,true
Madlin,Spong,mspong88@merriam-webster.com,3244846541,false
Loreen,Currington,lcurrington89@sohu.com,2956646684,true
Karalynn,Coonihan,kcoonihan8a@instagram.com,4036185685,false
Malcolm,Daish,mdaish8b@linkedin.com,4956559518,false
Marshall,Denison,mdenison8c@homestead.com,9301747924,false
Lorin,Corbitt,lcorbitt8d@irs.gov,9169066121,true
Garrett,Kopje,gkopje8e@mtv.com,9354334598,false
Walther,Noot,wnoot8f@go.com,2146286055,false
Fransisco,Halleday,fhalleday8g@phoca.cz,5477762155,true
Decca,Minor,dminor8h@java.com,9911198388,false
Gaven,Bolt,gbolt8i@scientificamerican.com,5566516696,true
Craig,Pordal,cpordal8j@last.fm,2238961540,true
Byrann,Axe,baxe8k@cbc.ca,9915810591,false
Zilvia,Moreno,zmoreno8l@ox.ac.uk,6189933037,false
Aldridge,Bloyes,abloyes8m@loc.gov,7298578578,true
Moshe,Jentzsch,mjentzsch8n@baidu.com,4541075524,false
Ricky,Brattell,rbrattell8o@bloomberg.com,5438261808,true
Kiri,Paling,kpaling8p@flavors.me,7851099259,true
Raynor,Ondra,rondra8q@reverbnation.com,1238480969,true
Elfrieda,Snalham,esnalham8r@nationalgeographic.com,9382006040,false
Gayleen,Dallicott,gdallicott8s@ning.com,8172634540,false
Leslie,Oxby,loxby8t@about.me,8404751425,true
Ber,Faustin,bfaustin8u@auda.org.au,9255489576,true
Kiele,Thurston,kthurston8v@tinyurl.com,8694924112,true
Virgie,Gieves,vgieves8w@businessweek.com,5298580327,true
Ailee,Gerrans,agerrans8x@g.co,9161845346,false
Marnie,Screech,mscreech8y@jimdo.com,7152010956,false
Emmerich,Dashper,edashper8z@harvard.edu,5526041168,true
Kore,Tofts,ktofts90@wired.com,6596878257,true
Thaddus,Ashbolt,tashbolt91@fda.gov,7048011431,true
Aimee,Wakelin,awakelin92@photobucket.com,7242863435,true
Robyn,Mylchreest,rmylchreest93@spiegel.de,4251674240,false
Lorilee,Hundy,lhundy94@surveymonkey.com,8353154403,true
Lil,Doig,ldoig95@photobucket.com,2884328001,true
Seline,Paulillo,spaulillo96@ifeng.com,2346968994,false
Ardith,Duchenne,aduchenne97@ebay.com,5426116452,false
Muffin,Burnett,mburnett98@tmall.com,7767480827,true
Sophey,Fice,sfice99@naver.com,8791259109,true
Sophi,Givens,sgivens9a@soundcloud.com,3087978136,false
Luciano,Mylan,lmylan9b@illinois.edu,7864012168,true
Adaline,Chidwick,achidwick9c@opensource.org,8074286480,false
Rona,Spurdon,rspurdon9d@technorati.com,5673134849,false
Ara,Bruno,abruno9e@adobe.com,1736081802,true
Bertrando,Howells,bhowells9f@ask.com,1894698946,false
Mariya,Houndsom,mhoundsom9g@chronoengine.com,7501434483,true
Jorie,McClelland,jmcclelland9h@barnesandnoble.com,3933764156,true
Lou,Stanyard,lstanyard9i@bing.com,8208175531,true
Frieda,Attrill,fattrill9j@statcounter.com,6132630818,false
Gare,MacMenamy,gmacmenamy9k@house.gov,2778572259,true
Marsiella,Dennehy,mdennehy9l@altervista.org,1463033445,false
Berti,Wennington,bwennington9m@pcworld.com,8757651342,true
Margarete,Samme,msamme9n@examiner.com,4447056805,false
Anabella,Jeness,ajeness9o@vkontakte.ru,5015881556,false
Em,Bonnavant,ebonnavant9p@earthlink.net,6915475977,true
Priscilla,Dibling,pdibling9q@vk.com,8382890960,false
Forrest,Hirsthouse,fhirsthouse9r@vk.com,2298092398,false
Jenilee,Dittson,jdittson9s@artisteer.com,8875728726,false
Cori,Matthew,cmatthew9t@opensource.org,7106435987,false
Sada,Pidgin,spidgin9u@wufoo.com,3666879850,true
Ragnar,Stollenwerck,rstollenwerck9v@cnet.com,9456507511,true
Brunhilda,Wynne,bwynne9w@microsoft.com,8646667539,false
Lise,Kelcher,lkelcher9x@google.com.br,1227396028,false
Yvor,Grey,ygrey9y@ow.ly,7077891965,false
Hewet,Berthel,hberthel9z@acquirethisname.com,1785775391,true
Humfried,Meadowcraft,hmeadowcrafta0@un.org,4623446172,true
Darcee,Putnam,dputnama1@yellowpages.com,7188433239,false
Jilleen,Dudbridge,jdudbridgea2@twitpic.com,6416959430,true
Valli,Westhofer,vwesthofera3@utexas.edu,2848349247,true
Berthe,Forbes,bforbesa4@uiuc.edu,6867834114,false
Talbert,Cappel,tcappela5@ustream.tv,7565857333,false
Carmel,Kidson,ckidsona6@usatoday.com,7577458371,false
Herbie,Van Arsdalen,hvanarsdalena7@ebay.co.uk,3581688146,true
Bobby,Gandy,bgandya8@cdbaby.com,6272883693,false
Mandie,Pavel,mpavela9@chicagotribune.com,3934865112,true
Regine,Fulloway,rfullowayaa@nsw.gov.au,2245083509,true
Hallsy,Vinall,hvinallab@topsy.com,6046851959,true
Vinita,Wager,vwagerac@who.int,3947852841,false
Maury,Klawi,mklawiad@networkadvertising.org,2104621438,true
Matthias,Dobey,mdobeyae@exblog.jp,2743649052,false
Gerty,Edgeller,gedgelleraf@fc2.com,6076469605,true
Kathrine,Widocks,kwidocksag@yellowpages.com,1653874384,true
Urbanus,Parcells,uparcellsah@deliciousdays.com,6096310908,true
Issiah,Merryfield,imerryfieldai@shutterfly.com,8943028268,false
Thayne,Sapshed,tsapshedaj@yellowbook.com,9836025061,false
Chalmers,Hounsom,chounsomak@eepurl.com,3171804792,false
Beltran,Pechacek,bpechacekal@whitehouse.gov,8083481208,true
Cyndie,Cussons,ccussonsam@last.fm,1992333395,false
Timmie,Gooble,tgooblean@cpanel.net,4846795091,true
Sher,Sieghart,ssieghartao@cdc.gov,8938970991,false
Austina,Chesterman,achestermanap@jalbum.net,6969791324,true
Cathleen,Matej,cmatejaq@barnesandnoble.com,4829558480,true
Archambault,Streeting,astreetingar@gizmodo.com,5706664942,false
Abbie,Yendle,ayendleas@issuu.com,6677467459,true
Gaile,Nobbs,gnobbsat@cbc.ca,9564762374,false
Latashia,Baillie,lbaillieau@chronoengine.com,3846398809,true
Candy,Martel,cmartelav@moonfruit.com,4281511662,true
Perry,Birch,pbirchaw@google.com,2153011807,true
Sarah,Scorton,sscortonax@blinklist.com,1513291159,false
Arline,Ashfield,aashfielday@europa.eu,7694715846,false
Elisha,Klosa,eklosaaz@pcworld.com,8179382463,false
L;urette,Hallex,lhallexb0@gizmodo.com,3272259885,false
Gertruda,Hirsthouse,ghirsthouseb1@gov.uk,7116999235,false
Daniela,Garron,dgarronb2@irs.gov,8465178968,true
Beatrice,Spaduzza,bspaduzzab3@ftc.gov,6371307001,true
Camile,O'Deegan,codeeganb4@mozilla.org,5977157472,false
Ive,Maunder,imaunderb5@imdb.com,6313082745,true
Nicoli,Grange,ngrangeb6@unc.edu,4757450005,true
Mart,Aylott,maylottb7@ocn.ne.jp,5713825987,true
Joscelin,Dexter,jdexterb8@vistaprint.com,7345312126,false
Dmitri,Ternouth,dternouthb9@e-recht24.de,8536766088,true
Paige,Matveyev,pmatveyevba@rakuten.co.jp,6063079307,true
Sheridan,MacLennan,smaclennanbb@webmd.com,4706888359,false
Mort,Gilardoni,mgilardonibc@jimdo.com,3157858730,true
Gerrie,Yonnie,gyonniebd@upenn.edu,1525237844,true
Meredith,Pietesch,mpieteschbe@webmd.com,8098375844,true
Thain,Hick,thickbf@cnet.com,6548397536,true
Almeria,Hernik,ahernikbg@tinyurl.com,2501748884,false
Cosme,Lovejoy,clovejoybh@google.co.uk,9323574514,false
Barry,Cowely,bcowelybi@dell.com,3023179204,true
Shelley,Franceschielli,sfranceschiellibj@cpanel.net,9706452516,true
Erastus,Antoniewicz,eantoniewiczbk@canalblog.com,7601637911,false
Engelbert,Stearn,estearnbl@nymag.com,6101151680,false
Jeromy,Kaufman,jkaufmanbm@biglobe.ne.jp,3757501325,false
Orlando,Drains,odrainsbn@army.mil,3695403144,true
Land,Ciciari,lciciaribo@blogs.com,7405667561,true
Kellsie,Millis,kmillisbp@bigcartel.com,3056124930,true
Bertina,Crackel,bcrackelbq@examiner.com,5823725145,false
Guilbert,Flobert,gflobertbr@wordpress.org,5245253413,true
Christoper,Matchett,cmatchettbs@whitehouse.gov,1764040614,true
Gannon,Di Biaggi,gdibiaggibt@shinystat.com,3886199147,false
Maurizia,Gasquoine,mgasquoinebu@nature.com,4452631979,true
Ethelda,Confait,econfaitbv@ovh.net,7966911673,false
Merle,Simak,msimakbw@marketwatch.com,2013162331,false
Byron,McCarron,bmccarronbx@indiegogo.com,7464622954,false
Kylen,Deacock,kdeacockby@nbcnews.com,4854643073,false
Aguie,Corrett,acorrettbz@com.com,6299705572,true
Con,Dutteridge,cdutteridgec0@buzzfeed.com,9745689241,false
Kizzee,Lovemore,klovemorec1@netvibes.com,4181396603,false
Ritchie,Syncke,rsynckec2@gizmodo.com,2676826740,false
Nev,Lennox,nlennoxc3@discovery.com,5044893042,false
Guenna,Myall,gmyallc4@indiatimes.com,2679006101,false
Cicily,Royse,croysec5@spiegel.de,4075494014,true
Dick,Labes,dlabesc6@naver.com,7156168882,true
Krishnah,Ringham,kringhamc7@elegantthemes.com,4632520185,true
Cybil,Agostini,cagostinic8@toplist.cz,9858382820,false
Winny,Ksandra,wksandrac9@comsenz.com,4977283029,true
Katherina,Guswell,kguswellca@forbes.com,8697106909,false
Pacorro,Pittman,ppittmancb@indiatimes.com,4137925115,false
Creight,Allon,calloncc@eventbrite.com,8714824902,false
Woodrow,Maulden,wmauldencd@sourceforge.net,8534388118,true
Freddi,Streak,fstreakce@ibm.com,2019990630,false
Debi,Graalmans,dgraalmanscf@yahoo.co.jp,1049378072,true
Row,Chaldecott,rchaldecottcg@opensource.org,9899496648,false
Gus,Laurie,glauriech@indiatimes.com,9893830597,false
Trudie,Noen,tnoenci@wordpress.com,4667984979,false
Saleem,Camplejohn,scamplejohncj@goo.ne.jp,1822204757,true
Iormina,Otton,iottonck@wsj.com,2128868857,false
Frederick,Akid,fakidcl@qq.com,7643682083,false
Timmi,Shama,tshamacm@blogspot.com,7349116045,true
Tallie,Roskruge,troskrugecn@ted.com,4644523618,false
Dexter,Orritt,dorrittco@forbes.com,4177415595,true
Berni,Saura,bsauracp@surveymonkey.com,3157104258,false
Codie,Versey,cverseycq@drupal.org,9118399039,false
Luciana,Whitford,lwhitfordcr@blogs.com,5554606041,false
Hallsy,Seldner,hseldnercs@cdc.gov,1112084079,false
Robers,Riseley,rriseleyct@alexa.com,6885683301,true
Lyndel,Billitteri,lbillittericu@google.com,7565727531,false
Cilka,Jursch,cjurschcv@harvard.edu,4776249025,true
Filide,Szubert,fszubertcw@rediff.com,5535515840,false
Hamilton,Chopping,hchoppingcx@baidu.com,7428678418,true
Sherri,Mallows,smallowscy@nsw.gov.au,4461052983,true
Ogdon,Dealey,odealeycz@histats.com,5472429300,true
Valina,Exrol,vexrold0@smh.com.au,5591634571,false
Berna,Gawn,bgawnd1@ehow.com,5932388491,true
Rasia,Willcocks,rwillcocksd2@businessinsider.com,7902196959,true
Michale,Alti,maltid3@china.com.cn,4493697754,false
Justine,MacDavitt,jmacdavittd4@bloomberg.com,8552744729,true
Micki,Basford,mbasfordd5@dmoz.org,2207576727,true
Anderea,Fitzpayn,afitzpaynd6@slate.com,9321824065,true
Cornall,Iddon,ciddond7@yahoo.co.jp,5365805265,true
Jodi,Wetherby,jwetherbyd8@51.la,8006567152,false
Mortimer,Faint,mfaintd9@marketwatch.com,7067539158,true
Hewet,Beauly,hbeaulyda@loc.gov,9184956753,true
Nester,Satchel,nsatcheldb@sciencedirect.com,3133400700,true
Wilburt,Malbon,wmalbondc@alexa.com,9713460285,false
Benita,MacKimmie,bmackimmiedd@theatlantic.com,6541633962,false
Dallis,Abbiss,dabbissde@nifty.com,7985653303,false
Lester,Bennedsen,lbennedsendf@ycombinator.com,7664028064,false
Tera,Brizell,tbrizelldg@sciencedirect.com,4357482383,false
Derrick,Dresche,ddreschedh@businessinsider.com,3399071996,false
Abbey,Wiltshire,awiltshiredi@ezinearticles.com,9414921444,false
Melantha,Pelcheur,mpelcheurdj@parallels.com,2311651759,true
Reese,Duchant,rduchantdk@arizona.edu,2424785547,true
Phyllis,Corbridge,pcorbridgedl@yale.edu,1171951033,false
Barrie,Boobier,bboobierdm@guardian.co.uk,6476979495,true
Clemmie,Crisford,ccrisforddn@about.me,5008299926,true
Rosette,Heimes,rheimesdo@dailymotion.com,3974934366,false
Vanny,Skayman,vskaymandp@engadget.com,6281311255,true
Dillon,Merwood,dmerwooddq@bigcartel.com,5299980529,false
Di,Von Gladbach,dvongladbachdr@qq.com,7376643682,false
Erica,Munsey,emunseyds@unc.edu,7974960742,true
Merrielle,Deadman,mdeadmandt@ox.ac.uk,2403591028,false
Amandy,Illiston,aillistondu@fotki.com,8266864825,false
Lin,Ormistone,lormistonedv@drupal.org,5684274340,true
Lynn,Birth,lbirthdw@mysql.com,8166595267,true
Heywood,Gallienne,hgalliennedx@g.co,8681009383,true
Jamaal,Gillespey,jgillespeydy@jalbum.net,5582958101,false
Joan,Bradman,jbradmandz@shop-pro.jp,2944795646,false
Bennie,Hanhard,bhanharde0@cornell.edu,9349901090,true
Cris,Litster,clitstere1@bravesites.com,8357130590,true
Stafani,Cleworth,scleworthe2@freewebs.com,8903869036,true
Kass,Baversor,kbaversore3@wp.com,7552869831,false
Demott,Instock,dinstocke4@e-recht24.de,9756637488,false
Sheppard,Tebbe,stebbee5@de.vu,8822913995,false
Jeanine,Hassey,jhasseye6@techcrunch.com,5636739708,true
Latisha,Pumfrey,lpumfreye7@huffingtonpost.com,1885639729,false
Layne,De Hailes,ldehailese8@360.cn,2956806114,false
Joelle,Trippack,jtrippacke9@hatena.ne.jp,3481346354,true
Wilfred,Steet,wsteetea@alibaba.com,5612837914,true
Lloyd,Perchard,lperchardeb@etsy.com,2275431073,false
Barry,Galler,bgallerec@live.com,8709479243,true
Heidi,McGowan,hmcgowaned@cbslocal.com,9122612635,false
Gabriell,Blankley,gblankleyee@sfgate.com,4172499300,true
Lorne,Akrigg,lakriggef@devhub.com,5406160169,false
Dino,Bradbrook,dbradbrookeg@wix.com,8121844522,false
Fransisco,Foulstone,ffoulstoneeh@eepurl.com,3472979995,false
Rodger,Goddert.sf,rgoddertsfei@senate.gov,4248880569,true
Carly,Meaders,cmeadersej@unc.edu,3509128783,false
Nada,Goodwins,ngoodwinsek@ustream.tv,4291922991,true
Urbano,Giacomucci,ugiacomucciel@hao123.com,6458166012,true
Drud,Labro,dlabroem@constantcontact.com,4917668315,true
Wallis,McMenamy,wmcmenamyen@abc.net.au,4614300513,true
Ozzy,Tallowin,otallowineo@ustream.tv,3045088634,true
Stafford,Stiant,sstiantep@ebay.co.uk,4838432729,true
Adena,Gaskarth,agaskartheq@liveinternet.ru,1496160023,false
Thaddeus,Santon,tsantoner@tmall.com,9475076523,false
Sandie,Mace,smacees@google.com,8835800520,true
Ronna,McKern,rmckernet@irs.gov,7387226529,false
Matelda,Kimbly,mkimblyeu@yandex.ru,7777786933,false
Claire,Woodings,cwoodingsev@go.com,3643687944,true
Cosetta,Ferrai,cferraiew@canalblog.com,7655451271,false
Rockwell,Keenan,rkeenanex@furl.net,3428395841,false
Megen,Huertas,mhuertasey@ow.ly,3209910225,false
Jerri,Bardwell,jbardwellez@state.tx.us,9405223815,false
Graham,Mainston,gmainstonf0@trellian.com,6425509310,false
Wyatt,Joice,wjoicef1@berkeley.edu,3565741430,true
Inness,Godfree,igodfreef2@t-online.de,8746640442,false
Kipp,Tarbet,ktarbetf3@usatoday.com,9463979608,true
Chelsie,Berget,cbergetf4@time.com,6087522245,true
Kaylyn,Stoodley,kstoodleyf5@xing.com,1816986674,true
Layton,Shillingford,lshillingfordf6@tamu.edu,8292606925,false
Alvin,Lamberth,alamberthf7@wisc.edu,3369684398,false
Bonny,Eichmann,beichmannf8@studiopress.com,5057392524,false
Dorree,Courtliff,dcourtlifff9@chicagotribune.com,8194572170,true
Lorie,Rymmer,lrymmerfa@epa.gov,1396179671,true
Georgina,Skaid,gskaidfb@si.edu,5043508023,true
Aaron,Cearley,acearleyfc@furl.net,2711528859,true
Barrie,Brede,bbredefd@samsung.com,2807893830,true
Cori,Felix,cfelixfe@pbs.org,1161499519,true
Eldridge,McElmurray,emcelmurrayff@dion.ne.jp,7582646341,false
Isacco,Baptie,ibaptiefg@ucla.edu,8155252481,true
Elaina,Lockart,elockartfh@bbc.co.uk,1765870841,false
Francklin,L' Estrange,flestrangefi@ebay.co.uk,1186071426,true
Sheri,Cavozzi,scavozzifj@drupal.org,1906035410,true
Rockie,Dumphrey,rdumphreyfk@ftc.gov,5517220734,true
Petronia,Geoghegan,pgeogheganfl@shinystat.com,2864934847,false
Brok,Dymidowski,bdymidowskifm@multiply.com,4721439562,true
Belinda,Sibille,bsibillefn@flickr.com,3126190430,false
Ricoriki,Leaver,rleaverfo@sciencedaily.com,7895078285,true
Vinnie,Kyrkeman,vkyrkemanfp@desdev.cn,5996323754,false
Ashely,Simoncini,asimoncinifq@buzzfeed.com,5918129964,true
Kirsti,Jordison,kjordisonfr@networkadvertising.org,9502572088,false
Eloise,Darrach,edarrachfs@unesco.org,1253501339,false
Linoel,Wardhaugh,lwardhaughft@alibaba.com,2023819295,false
Moises,Breinlein,mbreinleinfu@ftc.gov,2948036976,true
Una,Purrier,upurrierfv@ibm.com,8494202611,true
Abagail,Hardaker,ahardakerfw@cnbc.com,8533486767,false
Emlen,Scarf,escarffx@prnewswire.com,6503291270,false
Crysta,Bowyer,cbowyerfy@miitbeian.gov.cn,7185623061,false
Florella,Lyndon,flyndonfz@prlog.org,8451159921,false
Adore,Shallo,ashallog0@dedecms.com,6076892705,true
Maxy,Blaxlande,mblaxlandeg1@kickstarter.com,1443621310,true
Norman,Bentick,nbentickg2@hubpages.com,4589087687,true
Jo,Cawtheray,jcawtherayg3@blog.com,8168151634,false
Julius,Frankton,jfranktong4@hud.gov,5404176149,false
Kendal,Pettipher,kpettipherg5@bravesites.com,7882296714,false
Fonsie,McLukie,fmclukieg6@oakley.com,7055058604,false
Dallon,Collibear,dcollibearg7@shop-pro.jp,5918252714,true
Angele,Delve,adelveg8@wikia.com,6792963374,true
Maurice,Djekovic,mdjekovicg9@utexas.edu,5773115305,true
Trever,Feasey,tfeaseyga@auda.org.au,4535933543,false
Alidia,Porson,aporsongb@spotify.com,2373924196,false
Doyle,Burnside,dburnsidegc@360.cn,6408679788,false
Emery,Abrahamsen,eabrahamsengd@diigo.com,5223629139,true
Adelind,Dykas,adykasge@networkadvertising.org,5622235410,true
Octavia,Cortnay,ocortnaygf@columbia.edu,4245582740,true
Thorin,Ulrik,tulrikgg@wufoo.com,8233154555,true
Janean,Blackie,jblackiegh@senate.gov,2666448751,false
Haven,Jarvie,hjarviegi@blog.com,6436242902,true
Melonie,Rogister,mrogistergj@google.nl,6604650333,false
Cacilie,Bernardoux,cbernardouxgk@theglobeandmail.com,9737789553,true
Karol,Dmitriev,kdmitrievgl@ameblo.jp,8449643869,false
Donetta,Reichhardt,dreichhardtgm@elegantthemes.com,2862164059,true
Bambi,Martina,bmartinagn@deviantart.com,6621762890,false
Nial,Kohlert,nkohlertgo@barnesandnoble.com,7119294903,true
Theo,Mullen,tmullengp@blog.com,8082683789,false
Hasty,Pluthero,hplutherogq@jugem.jp,3191742298,true
Lesly,Hoyer,lhoyergr@imdb.com,1996695159,true
Jody,Lampbrecht,jlampbrechtgs@xinhuanet.com,5966829998,false
Jackelyn,Chazelle,jchazellegt@bing.com,7476929633,true
Devi,Zannotti,dzannottigu@usatoday.com,6591469323,false
Morgan,Valler,mvallergv@yahoo.com,7929128254,false
Minor,Farney,mfarneygw@merriam-webster.com,3141799972,false
Lexi,Tortoishell,ltortoishellgx@123-reg.co.uk,3275795263,false
Ezri,Danks,edanksgy@sitemeter.com,8214317860,true
Syman,Maffetti,smaffettigz@simplemachines.org,4268653311,false
Allsun,Cherrington,acherringtonh0@domainmarket.com,1599122278,false
Dido,Nicklin,dnicklinh1@desdev.cn,6103339465,true
Irwin,Kornousek,ikornousekh2@tinypic.com,9003272080,false
Jerry,Davey,jdaveyh3@loc.gov,6641048588,false
Sherie,Dowsing,sdowsingh4@tripod.com,5003915478,true
Fidelio,Owain,fowainh5@nytimes.com,9786261516,true
Tomkin,Anstis,tanstish6@ow.ly,4335567522,false
Gusta,Brinkman,gbrinkmanh7@alibaba.com,5275464611,false
Kyle,Grestye,kgrestyeh8@jiathis.com,1176439270,true
Tabbatha,de Nore,tdenoreh9@ustream.tv,1133658593,false
Cindie,Been,cbeenha@merriam-webster.com,7621244530,true
Iggy,Twentyman,itwentymanhb@flavors.me,3887045618,false
Bourke,Flott,bflotthc@google.ru,7566308779,false
Dannie,Perkis,dperkishd@wikia.com,8676106036,false
Sacha,Kmietsch,skmietschhe@discuz.net,9385588762,false
Travus,Breheny,tbrehenyhf@earthlink.net,6077799433,false
Pet,Friedman,pfriedmanhg@ifeng.com,8239136860,false
Roselin,Salsbury,rsalsburyhh@biglobe.ne.jp,6705380829,false
Ernesto,Falkingham,efalkinghamhi@smh.com.au,9092968053,false
Maurita,McGinnis,mmcginnishj@rambler.ru,9973741329,true
Tuesday,Savery,tsaveryhk@ftc.gov,1553984048,true
Gabriel,Freeland,gfreelandhl@1688.com,2433030152,false
Lindon,Heitz,lheitzhm@bandcamp.com,2304864459,true
Norma,Caulket,ncaulkethn@goo.ne.jp,5742619587,true
Freeman,Leggott,fleggottho@macromedia.com,6595384986,false
Hilton,Riggs,hriggshp@hostgator.com,6167060400,false
Mose,Boyle,mboylehq@whitehouse.gov,3785756024,true
Augusto,Loren,alorenhr@twitpic.com,8653787750,true
Kriste,Glowacki,kglowackihs@oakley.com,1926274938,false
Bird,Bentham,bbenthamht@cpanel.net,2963168382,false
Tessy,Meneghi,tmeneghihu@marketwatch.com,7846263854,true
Marten,Glave,mglavehv@histats.com,2194034579,true
Frans,Lukianov,flukianovhw@smh.com.au,3912908421,true
Giorgi,Dimmer,gdimmerhx@cdc.gov,8186958108,false
Nell,Luca,nlucahy@histats.com,5772706595,false
Thalia,Buckle,tbucklehz@tumblr.com,7261822350,true
Fulvia,Varah,fvarahi0@pinterest.com,7311580854,true
Say,Harriss,sharrissi1@oracle.com,6858721893,false
Reagen,Kluger,rklugeri2@cpanel.net,2982655044,false
Benedetto,Bourdice,bbourdicei3@foxnews.com,4386960243,false
Quincey,Hallet,qhalleti4@loc.gov,6516327880,false
Homer,Perham,hperhami5@angelfire.com,4088082771,false
Konstance,Fawdry,kfawdryi6@flavors.me,5176401801,true
Kari,Stangoe,kstangoei7@addtoany.com,1848665617,true
Baxie,Petrowsky,bpetrowskyi8@yahoo.co.jp,9069953826,false
Kelila,Durnill,kdurnilli9@twitpic.com,8328354146,false
Jolee,Degoy,jdegoyia@redcross.org,8003332454,true
Mike,Cassella,mcassellaib@businessinsider.com,3427254322,true
Bettina,Bothram,bbothramic@feedburner.com,5559228043,true
Winslow,Riggey,wriggeyid@blog.com,5785836339,false
Giustina,Dermott,gdermottie@google.co.jp,6018824869,false
Shepard,Gaudon,sgaudonif@ow.ly,9977708474,false
Jeramie,Bausor,jbausorig@irs.gov,8372079165,true
Jerrylee,McAuley,jmcauleyih@studiopress.com,3354929157,true
Claus,Maykin,cmaykinii@imgur.com,4943956996,true
Brandon,Harmour,bharmourij@eepurl.com,1254020390,true
Zarla,Verner,zvernerik@shinystat.com,3566825289,true
Bond,Minchinden,bminchindenil@mozilla.com,9354917575,false
Dell,Neaverson,dneaversonim@toplist.cz,3721079018,true
Annabella,Yellowlees,ayellowleesin@ucla.edu,1186455299,true
Tiffanie,Brawley,tbrawleyio@nsw.gov.au,5686353575,false
Gannie,Korn,gkornip@bloglovin.com,4876091473,true
Redd,O'Dogherty,rodoghertyiq@reddit.com,1612938310,true
Nevins,Clohissy,nclohissyir@goodreads.com,2767924936,true
Tait,St Pierre,tstpierreis@bloglovin.com,6255726118,false
Feliks,Jimmes,fjimmesit@howstuffworks.com,1593792030,true
Carilyn,Valentinuzzi,cvalentinuzziiu@tamu.edu,2609611336,true
Prinz,Milmore,pmilmoreiv@biblegateway.com,3366940958,false
Arie,Gregorace,agregoraceiw@bandcamp.com,2944555325,true
Oliy,Rheam,orheamix@reference.com,8271536886,false
Allianora,Oaker,aoakeriy@creativecommons.org,9794699594,true
Laughton,Foad,lfoadiz@alibaba.com,9049977763,false
Lilia,Huxtable,lhuxtablej0@dailymail.co.uk,9424508761,true
Merrill,Camoys,mcamoysj1@nymag.com,9929656361,false
Phylys,McTavish,pmctavishj2@prlog.org,8281515158,false
Henryetta,Kettleson,hkettlesonj3@imgur.com,8013593561,true
Hayden,Barff,hbarffj4@reverbnation.com,6869400013,true
Caitlin,Botler,cbotlerj5@tripod.com,8189558798,false
Cristy,Scane,cscanej6@cam.ac.uk,2407502274,false
Yasmeen,Manlow,ymanlowj7@bing.com,9895808801,false
Danyette,Beahan,dbeahanj8@deliciousdays.com,9875110187,true
Hew,Aulton,haultonj9@dailymotion.com,8332315510,false
Mallissa,Forrestor,mforrestorja@shareasale.com,1265636991,true
Benyamin,Snoddon,bsnoddonjb@marriott.com,9087680837,true
Lonnie,Whyley,lwhyleyjc@java.com,6708491280,false
Corri,Grishankov,cgrishankovjd@smugmug.com,2593484292,false
Micheline,Krzyzaniak,mkrzyzaniakje@sphinn.com,7789103214,true
Jonas,Biffin,jbiffinjf@furl.net,8114008964,false
Karlens,Reeder,kreederjg@blogger.com,3869238844,false
Brandon,Serrell,bserrelljh@pbs.org,3046997198,true
Waite,Birtonshaw,wbirtonshawji@fc2.com,2504824037,true
Crosby,Eamer,ceamerjj@webmd.com,6432763367,true
Donielle,Huffadine,dhuffadinejk@tmall.com,2512573379,false
Keane,Peracco,kperaccojl@ebay.com,6494592600,false
Nari,Fearfull,nfearfulljm@slideshare.net,2162022265,true
Candi,Matevushev,cmatevushevjn@shareasale.com,4765532483,true
Perri,Dellenbrok,pdellenbrokjo@bloomberg.com,6894323984,false
Hendrika,Gierok,hgierokjp@unblog.fr,7561228010,false
Misti,Desbrow,mdesbrowjq@prlog.org,8151046775,true
Janel,Repp,jreppjr@miibeian.gov.cn,4343476104,false
Meggi,Payler,mpaylerjs@unblog.fr,5517645200,false
Bink,Hancke,bhanckejt@wikispaces.com,1902220323,false
Dar,Pietron,dpietronju@ted.com,6355804806,false
North,Vedyashkin,nvedyashkinjv@friendfeed.com,4667542292,false
Dreddy,Wisby,dwisbyjw@free.fr,4309095508,false
Caroline,Mathys,cmathysjx@vk.com,3116535348,false
Freddi,Hovenden,fhovendenjy@wikispaces.com,3484914948,true
Missy,Bolstridge,mbolstridgejz@webs.com,4966662190,true
Ignacio,Buddell,ibuddellk0@symantec.com,6278550137,false
Bobbi,Forder,bforderk1@eventbrite.com,8089183606,true
Falito,Churchouse,fchurchousek2@google.co.uk,9313037188,false
Mattheus,Killik,mkillikk3@ca.gov,8695083445,true
Katinka,McColgan,kmccolgank4@ft.com,9756474884,false
Mil,Knevit,mknevitk5@woothemes.com,9658439778,false
Persis,Lohrensen,plohrensenk6@usgs.gov,3732201640,false
Ase,Larenson,alarensonk7@google.es,1258052143,false
Cammy,Gonsalo,cgonsalok8@seesaa.net,8035158894,false
Hilton,Sybbe,hsybbek9@joomla.org,8516779230,true
Kincaid,Munks,kmunkska@multiply.com,5809307158,true
Lynnelle,Pavese,lpavesekb@oracle.com,9032303013,true
Hernando,Urey,hureykc@usgs.gov,7642950904,true
Zelma,Estrella,zestrellakd@hud.gov,4173503963,false
Darby,Patnelli,dpatnellike@businessinsider.com,8545858959,true
Frankie,Tivolier,ftivolierkf@drupal.org,2864301965,false
Sadye,Bagg,sbaggkg@soundcloud.com,8302750858,false
Giffer,Gaish,ggaishkh@wikia.com,9043214079,false
Rebeka,Bockmaster,rbockmasterki@infoseek.co.jp,3592697599,true
Hephzibah,Earles,hearleskj@opensource.org,4905987105,true
Cesaro,Morrall,cmorrallkk@europa.eu,5372870930,true
Glynn,Spickett,gspickettkl@quantcast.com,6899506240,true
Milt,Lies,mlieskm@ustream.tv,8987192707,false
Andy,Dmitrovic,admitrovickn@intel.com,1345897496,true
Cordie,Hannent,channentko@mapy.cz,6637888543,true
Zebulon,Corrigan,zcorrigankp@va.gov,8745048064,true
Linnea,Lampkin,llampkinkq@technorati.com,1436537904,true
Celisse,Gaddas,cgaddaskr@comcast.net,1538030380,true
Frannie,Tripe,ftripeks@thetimes.co.uk,9222989552,true
Mattias,Farnan,mfarnankt@unesco.org,4972747495,false
Staci,Summerskill,ssummerskillku@cdc.gov,7382828248,false
Jacklin,Forman,jformankv@time.com,6409652625,false
Robers,Heinlein,rheinleinkw@patch.com,8926513092,true
Alix,Colvine,acolvinekx@harvard.edu,4091057605,false
Barnett,Haldane,bhaldaneky@w3.org,5781939504,false
Terrie,Sapey,tsapeykz@businesswire.com,1534969085,true
Lowrance,Richold,lricholdl0@usgs.gov,2489993188,false
Olenka,Fearneley,ofearneleyl1@theatlantic.com,4001240881,false
Alyda,Kennaway,akennawayl2@prlog.org,9419202093,true
Hermy,Robbings,hrobbingsl3@businessinsider.com,7755472785,true
Maximilian,Rimell,mrimelll4@icio.us,9658552869,true
Yorke,Proudman,yproudmanl5@about.com,9267816078,false
Justinn,Swatland,jswatlandl6@census.gov,2574647675,false
Rowan,Whitford,rwhitfordl7@uiuc.edu,3095283031,true
Carlynne,Padell,cpadelll8@instagram.com,5728481776,true
Sheffy,Stonard,sstonardl9@icio.us,9883050608,false
Ailsun,Becom,abecomla@shareasale.com,2615881491,false
Ken,Handy,khandylb@un.org,8366882838,false
Stacey,Pecey,speceylc@guardian.co.uk,3485455525,true
Pip,Privett,pprivettld@unc.edu,7281556441,false
Kimble,Russam,krussamle@ucoz.com,2049993683,false
Giuseppe,de Castelain,gdecastelainlf@miibeian.gov.cn,8676041308,false
Cordi,Leirmonth,cleirmonthlg@google.pl,7897589591,false
Wilone,Lebbon,wlebbonlh@clickbank.net,1774824516,true
Hildagarde,Morfield,hmorfieldli@foxnews.com,9691285100,true
Nikolai,Danat,ndanatlj@123-reg.co.uk,3774350468,false
Vanessa,Guido,vguidolk@pcworld.com,2665757992,false
Aidan,Peacock,apeacockll@sakura.ne.jp,7878816034,true
Flory,Hinz,fhinzlm@tumblr.com,6739811202,false
Malva,Krysztowczyk,mkrysztowczykln@nytimes.com,5521861035,true
Jeanie,Ricciardiello,jricciardiellolo@cyberchimps.com,9396564716,true
Rachel,Shufflebotham,rshufflebothamlp@feedburner.com,6405594454,false
Gaylene,Byatt,gbyattlq@webmd.com,3745430855,false
Davin,Plackstone,dplackstonelr@ask.com,4783656316,true
Marj,Lidgate,mlidgatels@shop-pro.jp,3164213275,true
Sam,Sapshed,ssapshedlt@addtoany.com,4537648516,true
Leigh,Ganders,lganderslu@scientificamerican.com,9333318532,false
Ingaberg,Le Grys,ilegryslv@abc.net.au,6986485876,false
Brana,Helkin,bhelkinlw@printfriendly.com,3812133652,false
Denna,Holby,dholbylx@tinypic.com,8696765013,false
Kathye,Doncom,kdoncomly@sun.com,2198725642,true
Lisetta,Drewery,ldrewerylz@va.gov,3525873677,false
Neddy,Moyce,nmoycem0@accuweather.com,3084612065,false
Kassia,Wilson,kwilsonm1@ezinearticles.com,7305073981,true
Mozelle,Everex,meverexm2@technorati.com,6715801150,false
Odelinda,Swainson,oswainsonm3@washington.edu,5508289016,false
Westleigh,Mulcahy,wmulcahym4@scribd.com,5935037558,false
Bucky,Shires,bshiresm5@altervista.org,9555161963,true
Ludovico,Davidowich,ldavidowichm6@sbwire.com,6626399146,true
Gallagher,Ridges,gridgesm7@pinterest.com,7154095746,false
Dwight,Horlick,dhorlickm8@howstuffworks.com,4692619173,false
Harrietta,Brearley,hbrearleym9@123-reg.co.uk,4601472772,false
Charlie,Boothman,cboothmanma@ibm.com,9766424698,true
Donnajean,Gorch,dgorchmb@cbslocal.com,8003716858,false
Ryun,Rapper,rrappermc@wufoo.com,6105509298,true
Enrico,Ullett,eullettmd@yandex.ru,3672498453,true
Gris,Gedling,ggedlingme@shareasale.com,7248083465,true
Axe,Dikes,adikesmf@irs.gov,2095473279,true
Sergio,Farryan,sfarryanmg@wix.com,1931377485,true
Saunderson,Doddemeade,sdoddemeademh@ycombinator.com,2463558988,true
Liuka,Balderston,lbalderstonmi@businessweek.com,9331151173,false
Essa,Antuk,eantukmj@icq.com,5498722009,false
Maury,Forestel,mforestelmk@dot.gov,1623216098,true
Idette,Castano,icastanoml@chicagotribune.com,7015043951,true
Idelle,Edmed,iedmedmm@forbes.com,8803470491,true
Rolfe,Arnall,rarnallmn@mysql.com,5914545173,true
Harwell,Fedorchenko,hfedorchenkomo@infoseek.co.jp,7522447801,false
Koenraad,Mattack,kmattackmp@washingtonpost.com,1005494109,false
Nanette,Growcock,ngrowcockmq@google.fr,7741340793,true
Karola,Helleckas,khelleckasmr@imageshack.us,7479337628,false
Catlaina,Powys,cpowysms@1688.com,2377218633,true
Kristoffer,MacGarvey,kmacgarveymt@mtv.com,3631479164,true
Gayle,Arrol,garrolmu@samsung.com,3013383859,false
Sacha,Swatman,sswatmanmv@i2i.jp,4633247651,false
Barrett,Guilford,bguilfordmw@whitehouse.gov,5328703949,false
Hyatt,Lightowler,hlightowlermx@studiopress.com,7801345456,true
Audra,Howship,ahowshipmy@baidu.com,7511791452,true
Iggie,Pasmore,ipasmoremz@nih.gov,7775795550,false
Ruthanne,Dewi,rdewin0@house.gov,1086101913,false
Verna,Bowgen,vbowgenn1@uol.com.br,9422720060,true
Della,Whiteson,dwhitesonn2@aboutads.info,7413680516,true
Olivie,Thalmann,othalmannn3@shutterfly.com,2333736542,true
Clair,Bosden,cbosdenn4@usa.gov,9691013690,false
Nikita,Kennicott,nkennicottn5@unc.edu,4179203113,true
Aguistin,Rowesby,arowesbyn6@com.com,4169911069,false
Mame,Cosgrive,mcosgriven7@stumbleupon.com,5103736378,true
Basile,Weale,bwealen8@wufoo.com,7705852561,false
Marleen,Mance,mmancen9@arstechnica.com,1131778389,false
Lucina,Berntssen,lberntssenna@live.com,4938589825,true
Henriette,Lassells,hlassellsnb@sitemeter.com,5324838717,true
Mildrid,Rabbe,mrabbenc@cdbaby.com,9154087340,false
Tess,Wrangle,twranglend@webnode.com,2565533287,false
Karilynn,Gouldthorpe,kgouldthorpene@sohu.com,4889109340,true
Emeline,Vedishchev,evedishchevnf@unicef.org,5225153843,false
Joline,Lumpkin,jlumpkinng@alexa.com,1304879298,true
Tessa,Gloy,tgloynh@woothemes.com,4703503039,true
Dell,Lesek,dlesekni@deliciousdays.com,6847938918,true
Guy,Karchowski,gkarchowskinj@kickstarter.com,1879414281,true
Adan,Priestnall,apriestnallnk@seesaa.net,5509417866,false
Yance,Dollimore,ydollimorenl@moonfruit.com,7024522922,true
Sandi,Danielsky,sdanielskynm@shutterfly.com,6784182213,false
Dacia,Prator,dpratornn@gravatar.com,4833656720,true
Mohammed,Corona,mcoronano@army.mil,1165263383,true
Georgia,Garshore,ggarshorenp@uiuc.edu,9738511907,false
Sonni,Bortolotti,sbortolottinq@qq.com,1289640292,true
Beatrix,Kohring,bkohringnr@wix.com,5643463510,true
Christalle,Hammerberger,chammerbergerns@economist.com,4829375751,true
Adiana,Kiggel,akiggelnt@w3.org,3507069657,true
Fairlie,Rambadt,frambadtnu@quantcast.com,1233502745,true
See,Callery,scallerynv@europa.eu,1778090800,true
Silvano,Hallut,shallutnw@github.io,6009747766,true
Sandye,MacNeil,smacneilnx@cyberchimps.com,6129741109,true
Kerianne,Filkov,kfilkovny@github.com,1777554896,false
Derrick,Cully,dcullynz@trellian.com,5655507239,true
Forster,Lanigan,flanigano0@twitter.com,3372951236,false
Didi,Rentilll,drentilllo1@wikia.com,4033055380,false
Bobbye,Beville,bbevilleo2@zimbio.com,3474230084,true
Josey,Cuphus,jcuphuso3@nymag.com,6131845174,false
Kyle,Handke,khandkeo4@usnews.com,6817343344,false
Skipton,Bembrigg,sbembriggo5@msn.com,5061973184,true
Guillermo,Matiebe,gmatiebeo6@bloomberg.com,9422775250,true
Karie,Ridgley,kridgleyo7@fda.gov,6618679117,true
Uta,Bradman,ubradmano8@amazon.co.jp,4659114101,true
Hagan,Maffetti,hmaffettio9@1und1.de,3616132103,true
Brigham,Sowrah,bsowrahoa@w3.org,8179830909,false
Karoly,Faircley,kfaircleyob@paginegialle.it,4856819125,false
Rozanne,Heale,rhealeoc@amazonaws.com,3706037895,true
Edie,Meegin,emeeginod@diigo.com,7243315653,true
Haskel,Gravells,hgravellsoe@phoca.cz,5308472981,false
Gina,Shynn,gshynnof@icio.us,2398379477,false
Chancey,Lethieulier,clethieulierog@imgur.com,5555478550,true
Collette,Brear,cbrearoh@mtv.com,8009349881,false
Sherie,Dyball,sdyballoi@usatoday.com,5354852109,false
Paulita,Boylund,pboylundoj@google.es,7811899162,false
Barrett,Mapam,bmapamok@elegantthemes.com,4099167809,false
Wendall,Joll,wjollol@icq.com,2124354786,true
Laurianne,Mordue,lmordueom@japanpost.jp,7192969316,false
Brant,Loren,blorenon@reddit.com,3872491163,false
Pierrette,Wessell,pwesselloo@icq.com,2695798678,false
Sofie,Burrows,sburrowsop@comsenz.com,2499087170,true
Simon,Endean,sendeanoq@lycos.com,7928638231,false
Perry,Caulier,pcaulieror@abc.net.au,4189472442,false
Linell,Yearby,lyearbyos@facebook.com,2946731072,false
Tonie,Valeri,tvaleriot@ifeng.com,6825422760,true
Lucias,Pibworth,lpibworthou@sfgate.com,3589862602,true
Cirillo,Clutheram,cclutheramov@kickstarter.com,5923422238,false
Regan,Stoate,rstoateow@globo.com,6296600323,false
Ailene,Tong,atongox@usda.gov,2047267338,false
Hamil,Rodger,hrodgeroy@live.com,5524707446,true
Avrom,Breitling,abreitlingoz@bbb.org,1662074017,true
Sanson,Hofner,shofnerp0@toplist.cz,7147468624,true
Joela,Styant,jstyantp1@deliciousdays.com,8772337657,false
Wendell,Adamovsky,wadamovskyp2@fc2.com,5318963740,false
Corabel,Scotchmoor,cscotchmoorp3@dagondesign.com,3302277103,false
Zabrina,Plampeyn,zplampeynp4@prnewswire.com,4097523558,false
Waverley,Babin,wbabinp5@cisco.com,4055389305,true
Hale,Cristoforo,hcristoforop6@statcounter.com,8001748052,true
Joellen,Alvaro,jalvarop7@yolasite.com,2932627790,true
Theadora,Timbs,ttimbsp8@constantcontact.com,5751118042,false
Silva,Clampin,sclampinp9@mapquest.com,3805687586,true
Ronica,Minette,rminettepa@thetimes.co.uk,8467598580,false
Powell,Castri,pcastripb@xing.com,7768126953,false
Osborne,Hearle,ohearlepc@berkeley.edu,9258423901,false
Britni,Simmins,bsimminspd@marriott.com,3488638865,true
Ricard,McAmish,rmcamishpe@wiley.com,4093677082,true
Derick,Gisbourn,dgisbournpf@delicious.com,7992331409,true
Ailbert,Raulstone,araulstonepg@is.gd,4269021557,false
Beilul,Fillgate,bfillgateph@a8.net,7531513181,false
Sara,Duchart,sduchartpi@unc.edu,8949912154,false
Georgia,Tomkinson,gtomkinsonpj@admin.ch,6542634094,false
Damian,Elleyne,delleynepk@123-reg.co.uk,7094578680,true
Sander,Josselsohn,sjosselsohnpl@geocities.com,1471662526,true
Hetti,Skippen,hskippenpm@list-manage.com,4854792375,false
Morly,Canacott,mcanacottpn@rediff.com,4102606350,false
Merv,Fucher,mfucherpo@weibo.com,6057284627,false
Erasmus,Harvard,eharvardpp@newyorker.com,4125628801,true
Larisa,Risson,lrissonpq@gmpg.org,5104407681,true
Shelia,Avis,savispr@hhs.gov,7161426039,false
Wayne,Matejovsky,wmatejovskyps@1und1.de,3153015416,false
Harlie,Lean,hleanpt@wiley.com,9725597436,true
Rachael,Elverston,relverstonpu@fotki.com,9554417882,false
Vilhelmina,Critchley,vcritchleypv@chicagotribune.com,4602312779,false
Barnard,Seath,bseathpw@yahoo.co.jp,6794452702,true
Freddi,Perfitt,fperfittpx@stumbleupon.com,6877027399,false
Henrietta,Neward,hnewardpy@histats.com,7087580743,true
Teressa,Butts,tbuttspz@epa.gov,1322848547,true
Kennett,Blaisdale,kblaisdaleq0@bbb.org,7727378367,true
Annabal,Boncoeur,aboncoeurq1@cargocollective.com,7635020341,true
Grace,Broxup,gbroxupq2@51.la,2659685707,false
Jessey,Libero,jliberoq3@blogtalkradio.com,7904084240,true
Deborah,Gewer,dgewerq4@so-net.ne.jp,7472608667,false
Tiffany,Luciani,tlucianiq5@yolasite.com,3154465724,false
Trenna,Couser,tcouserq6@latimes.com,5987785238,false
Jody,Paxforde,jpaxfordeq7@bbb.org,3617893846,true
Minnie,Ricciardi,mricciardiq8@jugem.jp,8498723466,false
Jyoti,Dowsett,jdowsettq9@rediff.com,1305350537,true
Brear,Hanscomb,bhanscombqa@blogtalkradio.com,9844017573,true
Barbee,Petyakov,bpetyakovqb@wordpress.org,2295090629,false
Con,Poynzer,cpoynzerqc@lulu.com,8173926778,true
Wynn,Taveriner,wtaverinerqd@so-net.ne.jp,5999597161,true
Magdalen,Lamminam,mlamminamqe@mit.edu,3955710342,false
Calley,Tevlin,ctevlinqf@gov.uk,6533827581,true
Gillie,Mallord,gmallordqg@bloglovin.com,2854342402,false
Nataline,Rabley,nrableyqh@yellowbook.com,6199782599,false
Alanson,Ind,aindqi@gnu.org,2128328068,true
Gardy,Scotchmer,gscotchmerqj@tumblr.com,4497409904,false
Nert,Ast,nastqk@nsw.gov.au,9372744854,true
Damien,Grishelyov,dgrishelyovql@npr.org,3713993478,false
Bartie,Thaim,bthaimqm@archive.org,6034145393,true
Abagael,Nan Carrow,anancarrowqn@photobucket.com,6033490747,true
Leicester,Binnes,lbinnesqo@bluehost.com,8719209212,false
Jemie,Fonte,jfonteqp@google.nl,9673815850,false
Worthington,McDermot,wmcdermotqq@eventbrite.com,8819982353,true
Lorrie,Aleksandrev,laleksandrevqr@nydailynews.com,9722436029,false
Pepita,Haxley,phaxleyqs@microsoft.com,1723304311,false
Arlan,Feasley,afeasleyqt@reddit.com,4585652219,true
Currie,Kivell,ckivellqu@arstechnica.com,7388107189,false
Prent,Rennick,prennickqv@ustream.tv,8262004083,false
Hillyer,St. Pierre,hstpierreqw@cnbc.com,7297972494,true
Angeli,Clissell,aclissellqx@archive.org,4714965396,true
Ronna,Caroll,rcarollqy@wikipedia.org,7577711625,true
Anne-marie,Dykes,adykesqz@stumbleupon.com,2368688542,false
Byran,Rycraft,brycraftr0@huffingtonpost.com,5463349908,false
Ossie,Spilling,ospillingr1@fastcompany.com,5278282399,true
Lela,Millins,lmillinsr2@walmart.com,1303121269,true
Austen,Yitzhakov,ayitzhakovr3@naver.com,2159066358,true
Vanda,Hunnicot,vhunnicotr4@epa.gov,1813568952,true
Alexina,Mc Meekin,amcmeekinr5@comsenz.com,3473583819,true
Brunhilde,Jenkin,bjenkinr6@cmu.edu,6078999023,true
Felic,Halhead,fhalheadr7@apple.com,2373688220,true
Adah,Klus,aklusr8@abc.net.au,2758495232,true
Floyd,Pass,fpassr9@blogspot.com,4065215168,true
Harriette,McAllen,hmcallenra@phoca.cz,1433504650,false
Jobye,Canete,jcaneterb@blogs.com,8907963965,false
Melamie,Lumpkin,mlumpkinrc@multiply.com,1651810177,true
Meyer,Browett,mbrowettrd@naver.com,3935189503,true
Kara-lynn,Borrowman,kborrowmanre@prlog.org,8289695311,false
Lavinie,Grazier,lgrazierrf@washington.edu,1826734879,true
Dorotea,Veracruysse,dveracruysserg@psu.edu,8767431005,true
Arnold,McLoughlin,amcloughlinrh@lycos.com,9156555770,true
Bryan,Peto,bpetori@1688.com,5813918241,false
Kendra,Mitchiner,kmitchinerrj@artisteer.com,3114642954,false
Augy,MacGow,amacgowrk@naver.com,7158696029,true
Hetti,Kmietsch,hkmietschrl@tinypic.com,6152638213,true
Der,Capun,dcapunrm@redcross.org,1753594671,false
Jordanna,Bohlsen,jbohlsenrn@clickbank.net,6569638443,true
Patrizia,Basterfield,pbasterfieldro@i2i.jp,7354749512,true
Rem,Elce,relcerp@flavors.me,8745108682,false
Sydel,Denne,sdennerq@yolasite.com,4004408205,true
Ariel,Chadwell,achadwellrr@icq.com,4501849266,true